x_path,y_path
resources/data/grid1/sample_x0.npy,resources/data/grid1/sample_y0.npy
resources/data/grid1/sample_x1.npy,resources/data/grid1/sample_y1.npy
resources/data/grid1/sample_x2.npy,resources/data/grid1/sample_y2.npy
resources/data/grid1/sample_x3.npy,resources/data/grid1/sample_y3.npy
resources/data/grid1/sample_x4.npy,resources/data/grid1/sample_y4.npy
resources/data/grid1/sample_x5.npy,resources/data/grid1/sample_y5.npy
resources/data/grid1/sample_x6.npy,resources/data/grid1/sample_y6.npy
resources/data/grid1/sample_x7.npy,resources/data/grid1/sample_y7.npy
resources/data/grid1/sample_x8.npy,resources/data/grid1/sample_y8.npy
resources/data/grid1/sample_x9.npy,resources/data/grid1/sample_y9.npy
resources/data/grid1/sample_x10.npy,resources/data/grid1/sample_y10.npy
resources/data/grid1/sample_x11.npy,resources/data/grid1/sample_y11.npy
resources/data/grid1/sample_x12.npy,resources/data/grid1/sample_y12.npy
resources/data/grid1/sample_x13.npy,resources/data/grid1/sample_y13.npy
resources/data/grid1/sample_x14.npy,resources/data/grid1/sample_y14.npy
resources/data/grid1/sample_x15.npy,resources/data/grid1/sample_y15.npy
resources/data/grid1/sample_x16.npy,resources/data/grid1/sample_y16.npy
resources/data/grid1/sample_x17.npy,resources/data/grid1/sample_y17.npy
resources/data/grid1/sample_x18.npy,resources/data/grid1/sample_y18.npy
resources/data/grid1/sample_x19.npy,resources/data/grid1/sample_y19.npy
resources/data/grid1/sample_x20.npy,resources/data/grid1/sample_y20.npy
resources/data/grid1/sample_x21.npy,resources/data/grid1/sample_y21.npy
resources/data/grid1/sample_x22.npy,resources/data/grid1/sample_y22.npy
resources/data/grid1/sample_x23.npy,resources/data/grid1/sample_y23.npy
resources/data/grid1/sample_x24.npy,resources/data/grid1/sample_y24.npy
resources/data/grid1/sample_x25.npy,resources/data/grid1/sample_y25.npy
resources/data/grid1/sample_x26.npy,resources/data/grid1/sample_y26.npy
resources/data/grid1/sample_x27.npy,resources/data/grid1/sample_y27.npy
resources/data/grid1/sample_x28.npy,resources/data/grid1/sample_y28.npy
resources/data/grid1/sample_x29.npy,resources/data/grid1/sample_y29.npy
resources/data/grid1/sample_x30.npy,resources/data/grid1/sample_y30.npy
resources/data/grid1/sample_x31.npy,resources/data/grid1/sample_y31.npy
resources/data/grid1/sample_x32.npy,resources/data/grid1/sample_y32.npy
resources/data/grid1/sample_x33.npy,resources/data/grid1/sample_y33.npy
resources/data/grid1/sample_x34.npy,resources/data/grid1/sample_y34.npy
resources/data/grid1/sample_x35.npy,resources/data/grid1/sample_y35.npy
resources/data/grid1/sample_x36.npy,resources/data/grid1/sample_y36.npy
resources/data/grid1/sample_x37.npy,resources/data/grid1/sample_y37.npy
resources/data/grid1/sample_x38.npy,resources/data/grid1/sample_y38.npy
resources/data/grid1/sample_x39.npy,resources/data/grid1/sample_y39.npy
resources/data/grid1/sample_x40.npy,resources/data/grid1/sample_y40.npy
resources/data/grid1/sample_x41.npy,resources/data/grid1/sample_y41.npy
resources/data/grid1/sample_x42.npy,resources/data/grid1/sample_y42.npy
resources/data/grid1/sample_x43.npy,resources/data/grid1/sample_y43.npy
resources/data/grid1/sample_x44.npy,resources/data/grid1/sample_y44.npy
resources/data/grid1/sample_x45.npy,resources/data/grid1/sample_y45.npy
resources/data/grid1/sample_x46.npy,resources/data/grid1/sample_y46.npy
resources/data/grid1/sample_x47.npy,resources/data/grid1/sample_y47.npy
resources/data/grid1/sample_x48.npy,resources/data/grid1/sample_y48.npy
resources/data/grid1/sample_x49.npy,resources/data/grid1/sample_y49.npy
resources/data/grid1/sample_x50.npy,resources/data/grid1/sample_y50.npy
resources/data/grid1/sample_x51.npy,resources/data/grid1/sample_y51.npy
resources/data/grid1/sample_x52.npy,resources/data/grid1/sample_y52.npy
resources/data/grid1/sample_x53.npy,resources/data/grid1/sample_y53.npy
resources/data/grid1/sample_x54.npy,resources/data/grid1/sample_y54.npy
resources/data/grid1/sample_x55.npy,resources/data/grid1/sample_y55.npy
resources/data/grid1/sample_x56.npy,resources/data/grid1/sample_y56.npy
resources/data/grid1/sample_x57.npy,resources/data/grid1/sample_y57.npy
resources/data/grid1/sample_x58.npy,resources/data/grid1/sample_y58.npy
resources/data/grid1/sample_x59.npy,resources/data/grid1/sample_y59.npy
resources/data/grid1/sample_x60.npy,resources/data/grid1/sample_y60.npy
resources/data/grid1/sample_x61.npy,resources/data/grid1/sample_y61.npy
resources/data/grid1/sample_x62.npy,resources/data/grid1/sample_y62.npy
resources/data/grid1/sample_x63.npy,resources/data/grid1/sample_y63.npy
resources/data/grid1/sample_x64.npy,resources/data/grid1/sample_y64.npy
resources/data/grid1/sample_x65.npy,resources/data/grid1/sample_y65.npy
resources/data/grid1/sample_x66.npy,resources/data/grid1/sample_y66.npy
resources/data/grid1/sample_x67.npy,resources/data/grid1/sample_y67.npy
resources/data/grid1/sample_x68.npy,resources/data/grid1/sample_y68.npy
resources/data/grid1/sample_x69.npy,resources/data/grid1/sample_y69.npy
resources/data/grid1/sample_x70.npy,resources/data/grid1/sample_y70.npy
resources/data/grid1/sample_x71.npy,resources/data/grid1/sample_y71.npy
resources/data/grid1/sample_x72.npy,resources/data/grid1/sample_y72.npy
resources/data/grid1/sample_x73.npy,resources/data/grid1/sample_y73.npy
resources/data/grid1/sample_x74.npy,resources/data/grid1/sample_y74.npy
resources/data/grid1/sample_x75.npy,resources/data/grid1/sample_y75.npy
resources/data/grid1/sample_x76.npy,resources/data/grid1/sample_y76.npy
resources/data/grid1/sample_x77.npy,resources/data/grid1/sample_y77.npy
resources/data/grid1/sample_x78.npy,resources/data/grid1/sample_y78.npy
resources/data/grid1/sample_x79.npy,resources/data/grid1/sample_y79.npy
resources/data/grid1/sample_x80.npy,resources/data/grid1/sample_y80.npy
resources/data/grid1/sample_x81.npy,resources/data/grid1/sample_y81.npy
resources/data/grid1/sample_x82.npy,resources/data/grid1/sample_y82.npy
resources/data/grid1/sample_x83.npy,resources/data/grid1/sample_y83.npy
resources/data/grid1/sample_x84.npy,resources/data/grid1/sample_y84.npy
resources/data/grid1/sample_x85.npy,resources/data/grid1/sample_y85.npy
resources/data/grid1/sample_x86.npy,resources/data/grid1/sample_y86.npy
resources/data/grid1/sample_x87.npy,resources/data/grid1/sample_y87.npy
resources/data/grid1/sample_x88.npy,resources/data/grid1/sample_y88.npy
resources/data/grid1/sample_x89.npy,resources/data/grid1/sample_y89.npy
resources/data/grid1/sample_x90.npy,resources/data/grid1/sample_y90.npy
resources/data/grid1/sample_x91.npy,resources/data/grid1/sample_y91.npy
resources/data/grid1/sample_x92.npy,resources/data/grid1/sample_y92.npy
resources/data/grid1/sample_x93.npy,resources/data/grid1/sample_y93.npy
resources/data/grid1/sample_x94.npy,resources/data/grid1/sample_y94.npy
resources/data/grid1/sample_x95.npy,resources/data/grid1/sample_y95.npy
resources/data/grid1/sample_x96.npy,resources/data/grid1/sample_y96.npy
resources/data/grid1/sample_x97.npy,resources/data/grid1/sample_y97.npy
resources/data/grid1/sample_x98.npy,resources/data/grid1/sample_y98.npy
resources/data/grid1/sample_x99.npy,resources/data/grid1/sample_y99.npy
resources/data/grid1/sample_x100.npy,resources/data/grid1/sample_y100.npy
resources/data/grid1/sample_x101.npy,resources/data/grid1/sample_y101.npy
resources/data/grid1/sample_x102.npy,resources/data/grid1/sample_y102.npy
resources/data/grid1/sample_x103.npy,resources/data/grid1/sample_y103.npy
resources/data/grid1/sample_x104.npy,resources/data/grid1/sample_y104.npy
resources/data/grid1/sample_x105.npy,resources/data/grid1/sample_y105.npy
resources/data/grid1/sample_x106.npy,resources/data/grid1/sample_y106.npy
resources/data/grid1/sample_x107.npy,resources/data/grid1/sample_y107.npy
resources/data/grid1/sample_x108.npy,resources/data/grid1/sample_y108.npy
resources/data/grid1/sample_x109.npy,resources/data/grid1/sample_y109.npy
resources/data/grid1/sample_x110.npy,resources/data/grid1/sample_y110.npy
resources/data/grid1/sample_x111.npy,resources/data/grid1/sample_y111.npy
resources/data/grid1/sample_x112.npy,resources/data/grid1/sample_y112.npy
resources/data/grid1/sample_x113.npy,resources/data/grid1/sample_y113.npy
resources/data/grid1/sample_x114.npy,resources/data/grid1/sample_y114.npy
resources/data/grid1/sample_x115.npy,resources/data/grid1/sample_y115.npy
resources/data/grid1/sample_x116.npy,resources/data/grid1/sample_y116.npy
resources/data/grid1/sample_x117.npy,resources/data/grid1/sample_y117.npy
resources/data/grid1/sample_x118.npy,resources/data/grid1/sample_y118.npy
resources/data/grid1/sample_x119.npy,resources/data/grid1/sample_y119.npy
resources/data/grid1/sample_x120.npy,resources/data/grid1/sample_y120.npy
resources/data/grid1/sample_x121.npy,resources/data/grid1/sample_y121.npy
resources/data/grid1/sample_x122.npy,resources/data/grid1/sample_y122.npy
resources/data/grid1/sample_x123.npy,resources/data/grid1/sample_y123.npy
resources/data/grid1/sample_x124.npy,resources/data/grid1/sample_y124.npy
resources/data/grid1/sample_x125.npy,resources/data/grid1/sample_y125.npy
resources/data/grid1/sample_x126.npy,resources/data/grid1/sample_y126.npy
resources/data/grid1/sample_x127.npy,resources/data/grid1/sample_y127.npy
resources/data/grid1/sample_x128.npy,resources/data/grid1/sample_y128.npy
resources/data/grid1/sample_x129.npy,resources/data/grid1/sample_y129.npy
resources/data/grid1/sample_x130.npy,resources/data/grid1/sample_y130.npy
resources/data/grid1/sample_x131.npy,resources/data/grid1/sample_y131.npy
resources/data/grid1/sample_x132.npy,resources/data/grid1/sample_y132.npy
resources/data/grid1/sample_x133.npy,resources/data/grid1/sample_y133.npy
resources/data/grid1/sample_x134.npy,resources/data/grid1/sample_y134.npy
resources/data/grid1/sample_x135.npy,resources/data/grid1/sample_y135.npy
resources/data/grid1/sample_x136.npy,resources/data/grid1/sample_y136.npy
resources/data/grid1/sample_x137.npy,resources/data/grid1/sample_y137.npy
resources/data/grid1/sample_x138.npy,resources/data/grid1/sample_y138.npy
resources/data/grid1/sample_x139.npy,resources/data/grid1/sample_y139.npy
resources/data/grid1/sample_x140.npy,resources/data/grid1/sample_y140.npy
resources/data/grid1/sample_x141.npy,resources/data/grid1/sample_y141.npy
resources/data/grid1/sample_x142.npy,resources/data/grid1/sample_y142.npy
resources/data/grid1/sample_x143.npy,resources/data/grid1/sample_y143.npy
resources/data/grid1/sample_x144.npy,resources/data/grid1/sample_y144.npy
resources/data/grid1/sample_x145.npy,resources/data/grid1/sample_y145.npy
resources/data/grid1/sample_x146.npy,resources/data/grid1/sample_y146.npy
resources/data/grid1/sample_x147.npy,resources/data/grid1/sample_y147.npy
resources/data/grid1/sample_x148.npy,resources/data/grid1/sample_y148.npy
resources/data/grid1/sample_x149.npy,resources/data/grid1/sample_y149.npy
resources/data/grid1/sample_x150.npy,resources/data/grid1/sample_y150.npy
resources/data/grid1/sample_x151.npy,resources/data/grid1/sample_y151.npy
resources/data/grid1/sample_x152.npy,resources/data/grid1/sample_y152.npy
resources/data/grid1/sample_x153.npy,resources/data/grid1/sample_y153.npy
resources/data/grid1/sample_x154.npy,resources/data/grid1/sample_y154.npy
resources/data/grid1/sample_x155.npy,resources/data/grid1/sample_y155.npy
resources/data/grid1/sample_x156.npy,resources/data/grid1/sample_y156.npy
resources/data/grid1/sample_x157.npy,resources/data/grid1/sample_y157.npy
resources/data/grid1/sample_x158.npy,resources/data/grid1/sample_y158.npy
resources/data/grid1/sample_x159.npy,resources/data/grid1/sample_y159.npy
resources/data/grid1/sample_x160.npy,resources/data/grid1/sample_y160.npy
resources/data/grid1/sample_x161.npy,resources/data/grid1/sample_y161.npy
resources/data/grid1/sample_x162.npy,resources/data/grid1/sample_y162.npy
resources/data/grid1/sample_x163.npy,resources/data/grid1/sample_y163.npy
resources/data/grid1/sample_x164.npy,resources/data/grid1/sample_y164.npy
resources/data/grid1/sample_x165.npy,resources/data/grid1/sample_y165.npy
resources/data/grid1/sample_x166.npy,resources/data/grid1/sample_y166.npy
resources/data/grid1/sample_x167.npy,resources/data/grid1/sample_y167.npy
resources/data/grid1/sample_x168.npy,resources/data/grid1/sample_y168.npy
resources/data/grid1/sample_x169.npy,resources/data/grid1/sample_y169.npy
resources/data/grid1/sample_x170.npy,resources/data/grid1/sample_y170.npy
resources/data/grid1/sample_x171.npy,resources/data/grid1/sample_y171.npy
resources/data/grid1/sample_x172.npy,resources/data/grid1/sample_y172.npy
resources/data/grid1/sample_x173.npy,resources/data/grid1/sample_y173.npy
resources/data/grid1/sample_x174.npy,resources/data/grid1/sample_y174.npy
resources/data/grid1/sample_x175.npy,resources/data/grid1/sample_y175.npy
resources/data/grid1/sample_x176.npy,resources/data/grid1/sample_y176.npy
resources/data/grid1/sample_x177.npy,resources/data/grid1/sample_y177.npy
resources/data/grid1/sample_x178.npy,resources/data/grid1/sample_y178.npy
resources/data/grid1/sample_x179.npy,resources/data/grid1/sample_y179.npy
resources/data/grid1/sample_x180.npy,resources/data/grid1/sample_y180.npy
resources/data/grid1/sample_x181.npy,resources/data/grid1/sample_y181.npy
resources/data/grid1/sample_x182.npy,resources/data/grid1/sample_y182.npy
resources/data/grid1/sample_x183.npy,resources/data/grid1/sample_y183.npy
resources/data/grid1/sample_x184.npy,resources/data/grid1/sample_y184.npy
resources/data/grid1/sample_x185.npy,resources/data/grid1/sample_y185.npy
resources/data/grid1/sample_x186.npy,resources/data/grid1/sample_y186.npy
resources/data/grid1/sample_x187.npy,resources/data/grid1/sample_y187.npy
resources/data/grid1/sample_x188.npy,resources/data/grid1/sample_y188.npy
resources/data/grid1/sample_x189.npy,resources/data/grid1/sample_y189.npy
resources/data/grid1/sample_x190.npy,resources/data/grid1/sample_y190.npy
resources/data/grid1/sample_x191.npy,resources/data/grid1/sample_y191.npy
resources/data/grid1/sample_x192.npy,resources/data/grid1/sample_y192.npy
resources/data/grid1/sample_x193.npy,resources/data/grid1/sample_y193.npy
resources/data/grid1/sample_x194.npy,resources/data/grid1/sample_y194.npy
resources/data/grid1/sample_x195.npy,resources/data/grid1/sample_y195.npy
resources/data/grid1/sample_x196.npy,resources/data/grid1/sample_y196.npy
resources/data/grid1/sample_x197.npy,resources/data/grid1/sample_y197.npy
resources/data/grid1/sample_x198.npy,resources/data/grid1/sample_y198.npy
resources/data/grid1/sample_x199.npy,resources/data/grid1/sample_y199.npy
resources/data/grid1/sample_x200.npy,resources/data/grid1/sample_y200.npy
resources/data/grid1/sample_x201.npy,resources/data/grid1/sample_y201.npy
resources/data/grid1/sample_x202.npy,resources/data/grid1/sample_y202.npy
resources/data/grid1/sample_x203.npy,resources/data/grid1/sample_y203.npy
resources/data/grid1/sample_x204.npy,resources/data/grid1/sample_y204.npy
resources/data/grid1/sample_x205.npy,resources/data/grid1/sample_y205.npy
resources/data/grid1/sample_x206.npy,resources/data/grid1/sample_y206.npy
resources/data/grid1/sample_x207.npy,resources/data/grid1/sample_y207.npy
resources/data/grid1/sample_x208.npy,resources/data/grid1/sample_y208.npy
resources/data/grid1/sample_x209.npy,resources/data/grid1/sample_y209.npy
resources/data/grid1/sample_x210.npy,resources/data/grid1/sample_y210.npy
resources/data/grid1/sample_x211.npy,resources/data/grid1/sample_y211.npy
resources/data/grid1/sample_x212.npy,resources/data/grid1/sample_y212.npy
resources/data/grid1/sample_x213.npy,resources/data/grid1/sample_y213.npy
resources/data/grid1/sample_x214.npy,resources/data/grid1/sample_y214.npy
resources/data/grid1/sample_x215.npy,resources/data/grid1/sample_y215.npy
resources/data/grid1/sample_x216.npy,resources/data/grid1/sample_y216.npy
resources/data/grid1/sample_x217.npy,resources/data/grid1/sample_y217.npy
resources/data/grid1/sample_x218.npy,resources/data/grid1/sample_y218.npy
resources/data/grid1/sample_x219.npy,resources/data/grid1/sample_y219.npy
resources/data/grid1/sample_x220.npy,resources/data/grid1/sample_y220.npy
resources/data/grid1/sample_x221.npy,resources/data/grid1/sample_y221.npy
resources/data/grid1/sample_x222.npy,resources/data/grid1/sample_y222.npy
resources/data/grid1/sample_x223.npy,resources/data/grid1/sample_y223.npy
resources/data/grid1/sample_x224.npy,resources/data/grid1/sample_y224.npy
resources/data/grid1/sample_x225.npy,resources/data/grid1/sample_y225.npy
resources/data/grid1/sample_x226.npy,resources/data/grid1/sample_y226.npy
resources/data/grid1/sample_x227.npy,resources/data/grid1/sample_y227.npy
resources/data/grid1/sample_x228.npy,resources/data/grid1/sample_y228.npy
resources/data/grid1/sample_x229.npy,resources/data/grid1/sample_y229.npy
resources/data/grid1/sample_x230.npy,resources/data/grid1/sample_y230.npy
resources/data/grid1/sample_x231.npy,resources/data/grid1/sample_y231.npy
resources/data/grid1/sample_x232.npy,resources/data/grid1/sample_y232.npy
resources/data/grid1/sample_x233.npy,resources/data/grid1/sample_y233.npy
resources/data/grid1/sample_x234.npy,resources/data/grid1/sample_y234.npy
resources/data/grid1/sample_x235.npy,resources/data/grid1/sample_y235.npy
resources/data/grid1/sample_x236.npy,resources/data/grid1/sample_y236.npy
resources/data/grid1/sample_x237.npy,resources/data/grid1/sample_y237.npy
resources/data/grid1/sample_x238.npy,resources/data/grid1/sample_y238.npy
resources/data/grid1/sample_x239.npy,resources/data/grid1/sample_y239.npy
resources/data/grid1/sample_x240.npy,resources/data/grid1/sample_y240.npy
resources/data/grid1/sample_x241.npy,resources/data/grid1/sample_y241.npy
resources/data/grid1/sample_x242.npy,resources/data/grid1/sample_y242.npy
resources/data/grid1/sample_x243.npy,resources/data/grid1/sample_y243.npy
resources/data/grid1/sample_x244.npy,resources/data/grid1/sample_y244.npy
resources/data/grid1/sample_x245.npy,resources/data/grid1/sample_y245.npy
resources/data/grid1/sample_x246.npy,resources/data/grid1/sample_y246.npy
resources/data/grid1/sample_x247.npy,resources/data/grid1/sample_y247.npy
resources/data/grid1/sample_x248.npy,resources/data/grid1/sample_y248.npy
resources/data/grid1/sample_x249.npy,resources/data/grid1/sample_y249.npy
resources/data/grid1/sample_x250.npy,resources/data/grid1/sample_y250.npy
resources/data/grid1/sample_x251.npy,resources/data/grid1/sample_y251.npy
resources/data/grid1/sample_x252.npy,resources/data/grid1/sample_y252.npy
resources/data/grid1/sample_x253.npy,resources/data/grid1/sample_y253.npy
resources/data/grid1/sample_x254.npy,resources/data/grid1/sample_y254.npy
resources/data/grid1/sample_x255.npy,resources/data/grid1/sample_y255.npy
resources/data/grid1/sample_x256.npy,resources/data/grid1/sample_y256.npy
resources/data/grid1/sample_x257.npy,resources/data/grid1/sample_y257.npy
resources/data/grid1/sample_x258.npy,resources/data/grid1/sample_y258.npy
resources/data/grid1/sample_x259.npy,resources/data/grid1/sample_y259.npy
resources/data/grid1/sample_x260.npy,resources/data/grid1/sample_y260.npy
resources/data/grid1/sample_x261.npy,resources/data/grid1/sample_y261.npy
resources/data/grid1/sample_x262.npy,resources/data/grid1/sample_y262.npy
resources/data/grid1/sample_x263.npy,resources/data/grid1/sample_y263.npy
resources/data/grid1/sample_x264.npy,resources/data/grid1/sample_y264.npy
resources/data/grid1/sample_x265.npy,resources/data/grid1/sample_y265.npy
resources/data/grid1/sample_x266.npy,resources/data/grid1/sample_y266.npy
resources/data/grid1/sample_x267.npy,resources/data/grid1/sample_y267.npy
resources/data/grid1/sample_x268.npy,resources/data/grid1/sample_y268.npy
resources/data/grid1/sample_x269.npy,resources/data/grid1/sample_y269.npy
resources/data/grid1/sample_x270.npy,resources/data/grid1/sample_y270.npy
resources/data/grid1/sample_x271.npy,resources/data/grid1/sample_y271.npy
resources/data/grid1/sample_x272.npy,resources/data/grid1/sample_y272.npy
resources/data/grid1/sample_x273.npy,resources/data/grid1/sample_y273.npy
resources/data/grid1/sample_x274.npy,resources/data/grid1/sample_y274.npy
resources/data/grid1/sample_x275.npy,resources/data/grid1/sample_y275.npy
resources/data/grid1/sample_x276.npy,resources/data/grid1/sample_y276.npy
resources/data/grid1/sample_x277.npy,resources/data/grid1/sample_y277.npy
resources/data/grid1/sample_x278.npy,resources/data/grid1/sample_y278.npy
resources/data/grid1/sample_x279.npy,resources/data/grid1/sample_y279.npy
resources/data/grid1/sample_x280.npy,resources/data/grid1/sample_y280.npy
resources/data/grid1/sample_x281.npy,resources/data/grid1/sample_y281.npy
resources/data/grid1/sample_x282.npy,resources/data/grid1/sample_y282.npy
resources/data/grid1/sample_x283.npy,resources/data/grid1/sample_y283.npy
resources/data/grid1/sample_x284.npy,resources/data/grid1/sample_y284.npy
resources/data/grid1/sample_x285.npy,resources/data/grid1/sample_y285.npy
resources/data/grid1/sample_x286.npy,resources/data/grid1/sample_y286.npy
resources/data/grid1/sample_x287.npy,resources/data/grid1/sample_y287.npy
resources/data/grid1/sample_x288.npy,resources/data/grid1/sample_y288.npy
resources/data/grid1/sample_x289.npy,resources/data/grid1/sample_y289.npy
resources/data/grid1/sample_x290.npy,resources/data/grid1/sample_y290.npy
resources/data/grid1/sample_x291.npy,resources/data/grid1/sample_y291.npy
resources/data/grid1/sample_x292.npy,resources/data/grid1/sample_y292.npy
resources/data/grid1/sample_x293.npy,resources/data/grid1/sample_y293.npy
resources/data/grid1/sample_x294.npy,resources/data/grid1/sample_y294.npy
resources/data/grid1/sample_x295.npy,resources/data/grid1/sample_y295.npy
resources/data/grid1/sample_x296.npy,resources/data/grid1/sample_y296.npy
resources/data/grid1/sample_x297.npy,resources/data/grid1/sample_y297.npy
resources/data/grid1/sample_x298.npy,resources/data/grid1/sample_y298.npy
resources/data/grid1/sample_x299.npy,resources/data/grid1/sample_y299.npy
resources/data/grid1/sample_x300.npy,resources/data/grid1/sample_y300.npy
resources/data/grid1/sample_x301.npy,resources/data/grid1/sample_y301.npy
resources/data/grid1/sample_x302.npy,resources/data/grid1/sample_y302.npy
resources/data/grid1/sample_x303.npy,resources/data/grid1/sample_y303.npy
resources/data/grid1/sample_x304.npy,resources/data/grid1/sample_y304.npy
resources/data/grid1/sample_x305.npy,resources/data/grid1/sample_y305.npy
resources/data/grid1/sample_x306.npy,resources/data/grid1/sample_y306.npy
resources/data/grid1/sample_x307.npy,resources/data/grid1/sample_y307.npy
resources/data/grid1/sample_x308.npy,resources/data/grid1/sample_y308.npy
resources/data/grid1/sample_x309.npy,resources/data/grid1/sample_y309.npy
resources/data/grid1/sample_x310.npy,resources/data/grid1/sample_y310.npy
resources/data/grid1/sample_x311.npy,resources/data/grid1/sample_y311.npy
resources/data/grid1/sample_x312.npy,resources/data/grid1/sample_y312.npy
resources/data/grid1/sample_x313.npy,resources/data/grid1/sample_y313.npy
resources/data/grid1/sample_x314.npy,resources/data/grid1/sample_y314.npy
resources/data/grid1/sample_x315.npy,resources/data/grid1/sample_y315.npy
resources/data/grid1/sample_x316.npy,resources/data/grid1/sample_y316.npy
resources/data/grid1/sample_x317.npy,resources/data/grid1/sample_y317.npy
resources/data/grid1/sample_x318.npy,resources/data/grid1/sample_y318.npy
resources/data/grid1/sample_x319.npy,resources/data/grid1/sample_y319.npy
resources/data/grid1/sample_x320.npy,resources/data/grid1/sample_y320.npy
resources/data/grid1/sample_x321.npy,resources/data/grid1/sample_y321.npy
resources/data/grid1/sample_x322.npy,resources/data/grid1/sample_y322.npy
resources/data/grid1/sample_x323.npy,resources/data/grid1/sample_y323.npy
resources/data/grid1/sample_x324.npy,resources/data/grid1/sample_y324.npy
resources/data/grid1/sample_x325.npy,resources/data/grid1/sample_y325.npy
resources/data/grid1/sample_x326.npy,resources/data/grid1/sample_y326.npy
resources/data/grid1/sample_x327.npy,resources/data/grid1/sample_y327.npy
resources/data/grid1/sample_x328.npy,resources/data/grid1/sample_y328.npy
resources/data/grid1/sample_x329.npy,resources/data/grid1/sample_y329.npy
resources/data/grid1/sample_x330.npy,resources/data/grid1/sample_y330.npy
resources/data/grid1/sample_x331.npy,resources/data/grid1/sample_y331.npy
resources/data/grid1/sample_x332.npy,resources/data/grid1/sample_y332.npy
resources/data/grid1/sample_x333.npy,resources/data/grid1/sample_y333.npy
resources/data/grid1/sample_x334.npy,resources/data/grid1/sample_y334.npy
resources/data/grid1/sample_x335.npy,resources/data/grid1/sample_y335.npy
resources/data/grid1/sample_x336.npy,resources/data/grid1/sample_y336.npy
resources/data/grid1/sample_x337.npy,resources/data/grid1/sample_y337.npy
resources/data/grid1/sample_x338.npy,resources/data/grid1/sample_y338.npy
resources/data/grid1/sample_x339.npy,resources/data/grid1/sample_y339.npy
resources/data/grid1/sample_x340.npy,resources/data/grid1/sample_y340.npy
resources/data/grid1/sample_x341.npy,resources/data/grid1/sample_y341.npy
resources/data/grid1/sample_x342.npy,resources/data/grid1/sample_y342.npy
resources/data/grid1/sample_x343.npy,resources/data/grid1/sample_y343.npy
resources/data/grid1/sample_x344.npy,resources/data/grid1/sample_y344.npy
resources/data/grid1/sample_x345.npy,resources/data/grid1/sample_y345.npy
resources/data/grid1/sample_x346.npy,resources/data/grid1/sample_y346.npy
resources/data/grid1/sample_x347.npy,resources/data/grid1/sample_y347.npy
resources/data/grid1/sample_x348.npy,resources/data/grid1/sample_y348.npy
resources/data/grid1/sample_x349.npy,resources/data/grid1/sample_y349.npy
resources/data/grid1/sample_x350.npy,resources/data/grid1/sample_y350.npy
resources/data/grid1/sample_x351.npy,resources/data/grid1/sample_y351.npy
resources/data/grid1/sample_x352.npy,resources/data/grid1/sample_y352.npy
resources/data/grid1/sample_x353.npy,resources/data/grid1/sample_y353.npy
resources/data/grid1/sample_x354.npy,resources/data/grid1/sample_y354.npy
resources/data/grid1/sample_x355.npy,resources/data/grid1/sample_y355.npy
resources/data/grid1/sample_x356.npy,resources/data/grid1/sample_y356.npy
resources/data/grid1/sample_x357.npy,resources/data/grid1/sample_y357.npy
resources/data/grid1/sample_x358.npy,resources/data/grid1/sample_y358.npy
resources/data/grid1/sample_x359.npy,resources/data/grid1/sample_y359.npy
resources/data/grid1/sample_x360.npy,resources/data/grid1/sample_y360.npy
resources/data/grid1/sample_x361.npy,resources/data/grid1/sample_y361.npy
resources/data/grid1/sample_x362.npy,resources/data/grid1/sample_y362.npy
resources/data/grid1/sample_x363.npy,resources/data/grid1/sample_y363.npy
resources/data/grid1/sample_x364.npy,resources/data/grid1/sample_y364.npy
resources/data/grid1/sample_x365.npy,resources/data/grid1/sample_y365.npy
resources/data/grid1/sample_x366.npy,resources/data/grid1/sample_y366.npy
resources/data/grid1/sample_x367.npy,resources/data/grid1/sample_y367.npy
resources/data/grid1/sample_x368.npy,resources/data/grid1/sample_y368.npy
resources/data/grid1/sample_x369.npy,resources/data/grid1/sample_y369.npy
resources/data/grid1/sample_x370.npy,resources/data/grid1/sample_y370.npy
resources/data/grid1/sample_x371.npy,resources/data/grid1/sample_y371.npy
resources/data/grid1/sample_x372.npy,resources/data/grid1/sample_y372.npy
resources/data/grid1/sample_x373.npy,resources/data/grid1/sample_y373.npy
resources/data/grid1/sample_x374.npy,resources/data/grid1/sample_y374.npy
resources/data/grid1/sample_x375.npy,resources/data/grid1/sample_y375.npy
resources/data/grid1/sample_x376.npy,resources/data/grid1/sample_y376.npy
resources/data/grid1/sample_x377.npy,resources/data/grid1/sample_y377.npy
resources/data/grid1/sample_x378.npy,resources/data/grid1/sample_y378.npy
resources/data/grid1/sample_x379.npy,resources/data/grid1/sample_y379.npy
resources/data/grid1/sample_x380.npy,resources/data/grid1/sample_y380.npy
resources/data/grid1/sample_x381.npy,resources/data/grid1/sample_y381.npy
resources/data/grid1/sample_x382.npy,resources/data/grid1/sample_y382.npy
resources/data/grid1/sample_x383.npy,resources/data/grid1/sample_y383.npy
resources/data/grid1/sample_x384.npy,resources/data/grid1/sample_y384.npy
resources/data/grid1/sample_x385.npy,resources/data/grid1/sample_y385.npy
resources/data/grid1/sample_x386.npy,resources/data/grid1/sample_y386.npy
resources/data/grid1/sample_x387.npy,resources/data/grid1/sample_y387.npy
resources/data/grid1/sample_x388.npy,resources/data/grid1/sample_y388.npy
resources/data/grid1/sample_x389.npy,resources/data/grid1/sample_y389.npy
resources/data/grid1/sample_x390.npy,resources/data/grid1/sample_y390.npy
resources/data/grid1/sample_x391.npy,resources/data/grid1/sample_y391.npy
resources/data/grid1/sample_x392.npy,resources/data/grid1/sample_y392.npy
resources/data/grid1/sample_x393.npy,resources/data/grid1/sample_y393.npy
resources/data/grid1/sample_x394.npy,resources/data/grid1/sample_y394.npy
resources/data/grid1/sample_x395.npy,resources/data/grid1/sample_y395.npy
resources/data/grid1/sample_x396.npy,resources/data/grid1/sample_y396.npy
resources/data/grid1/sample_x397.npy,resources/data/grid1/sample_y397.npy
resources/data/grid1/sample_x398.npy,resources/data/grid1/sample_y398.npy
resources/data/grid1/sample_x399.npy,resources/data/grid1/sample_y399.npy
resources/data/grid1/sample_x400.npy,resources/data/grid1/sample_y400.npy
resources/data/grid1/sample_x401.npy,resources/data/grid1/sample_y401.npy
resources/data/grid1/sample_x402.npy,resources/data/grid1/sample_y402.npy
resources/data/grid1/sample_x403.npy,resources/data/grid1/sample_y403.npy
resources/data/grid1/sample_x404.npy,resources/data/grid1/sample_y404.npy
resources/data/grid1/sample_x405.npy,resources/data/grid1/sample_y405.npy
resources/data/grid1/sample_x406.npy,resources/data/grid1/sample_y406.npy
resources/data/grid1/sample_x407.npy,resources/data/grid1/sample_y407.npy
resources/data/grid1/sample_x408.npy,resources/data/grid1/sample_y408.npy
resources/data/grid1/sample_x409.npy,resources/data/grid1/sample_y409.npy
resources/data/grid1/sample_x410.npy,resources/data/grid1/sample_y410.npy
resources/data/grid1/sample_x411.npy,resources/data/grid1/sample_y411.npy
resources/data/grid1/sample_x412.npy,resources/data/grid1/sample_y412.npy
resources/data/grid1/sample_x413.npy,resources/data/grid1/sample_y413.npy
resources/data/grid1/sample_x414.npy,resources/data/grid1/sample_y414.npy
resources/data/grid1/sample_x415.npy,resources/data/grid1/sample_y415.npy
resources/data/grid1/sample_x416.npy,resources/data/grid1/sample_y416.npy
resources/data/grid1/sample_x417.npy,resources/data/grid1/sample_y417.npy
resources/data/grid1/sample_x418.npy,resources/data/grid1/sample_y418.npy
resources/data/grid1/sample_x419.npy,resources/data/grid1/sample_y419.npy
resources/data/grid1/sample_x420.npy,resources/data/grid1/sample_y420.npy
resources/data/grid1/sample_x421.npy,resources/data/grid1/sample_y421.npy
resources/data/grid1/sample_x422.npy,resources/data/grid1/sample_y422.npy
resources/data/grid1/sample_x423.npy,resources/data/grid1/sample_y423.npy
resources/data/grid1/sample_x424.npy,resources/data/grid1/sample_y424.npy
resources/data/grid1/sample_x425.npy,resources/data/grid1/sample_y425.npy
resources/data/grid1/sample_x426.npy,resources/data/grid1/sample_y426.npy
resources/data/grid1/sample_x427.npy,resources/data/grid1/sample_y427.npy
resources/data/grid1/sample_x428.npy,resources/data/grid1/sample_y428.npy
resources/data/grid1/sample_x429.npy,resources/data/grid1/sample_y429.npy
resources/data/grid1/sample_x430.npy,resources/data/grid1/sample_y430.npy
resources/data/grid1/sample_x431.npy,resources/data/grid1/sample_y431.npy
resources/data/grid1/sample_x432.npy,resources/data/grid1/sample_y432.npy
resources/data/grid1/sample_x433.npy,resources/data/grid1/sample_y433.npy
resources/data/grid1/sample_x434.npy,resources/data/grid1/sample_y434.npy
resources/data/grid1/sample_x435.npy,resources/data/grid1/sample_y435.npy
resources/data/grid1/sample_x436.npy,resources/data/grid1/sample_y436.npy
resources/data/grid1/sample_x437.npy,resources/data/grid1/sample_y437.npy
resources/data/grid1/sample_x438.npy,resources/data/grid1/sample_y438.npy
resources/data/grid1/sample_x439.npy,resources/data/grid1/sample_y439.npy
resources/data/grid1/sample_x440.npy,resources/data/grid1/sample_y440.npy
resources/data/grid1/sample_x441.npy,resources/data/grid1/sample_y441.npy
resources/data/grid1/sample_x442.npy,resources/data/grid1/sample_y442.npy
resources/data/grid1/sample_x443.npy,resources/data/grid1/sample_y443.npy
resources/data/grid1/sample_x444.npy,resources/data/grid1/sample_y444.npy
resources/data/grid1/sample_x445.npy,resources/data/grid1/sample_y445.npy
resources/data/grid1/sample_x446.npy,resources/data/grid1/sample_y446.npy
resources/data/grid1/sample_x447.npy,resources/data/grid1/sample_y447.npy
resources/data/grid1/sample_x448.npy,resources/data/grid1/sample_y448.npy
resources/data/grid1/sample_x449.npy,resources/data/grid1/sample_y449.npy
resources/data/grid1/sample_x450.npy,resources/data/grid1/sample_y450.npy
resources/data/grid1/sample_x451.npy,resources/data/grid1/sample_y451.npy
resources/data/grid1/sample_x452.npy,resources/data/grid1/sample_y452.npy
resources/data/grid1/sample_x453.npy,resources/data/grid1/sample_y453.npy
resources/data/grid1/sample_x454.npy,resources/data/grid1/sample_y454.npy
resources/data/grid1/sample_x455.npy,resources/data/grid1/sample_y455.npy
resources/data/grid1/sample_x456.npy,resources/data/grid1/sample_y456.npy
resources/data/grid1/sample_x457.npy,resources/data/grid1/sample_y457.npy
resources/data/grid1/sample_x458.npy,resources/data/grid1/sample_y458.npy
resources/data/grid1/sample_x459.npy,resources/data/grid1/sample_y459.npy
resources/data/grid1/sample_x460.npy,resources/data/grid1/sample_y460.npy
resources/data/grid1/sample_x461.npy,resources/data/grid1/sample_y461.npy
resources/data/grid1/sample_x462.npy,resources/data/grid1/sample_y462.npy
resources/data/grid1/sample_x463.npy,resources/data/grid1/sample_y463.npy
resources/data/grid1/sample_x464.npy,resources/data/grid1/sample_y464.npy
resources/data/grid1/sample_x465.npy,resources/data/grid1/sample_y465.npy
resources/data/grid1/sample_x466.npy,resources/data/grid1/sample_y466.npy
resources/data/grid1/sample_x467.npy,resources/data/grid1/sample_y467.npy
resources/data/grid1/sample_x468.npy,resources/data/grid1/sample_y468.npy
resources/data/grid1/sample_x469.npy,resources/data/grid1/sample_y469.npy
resources/data/grid1/sample_x470.npy,resources/data/grid1/sample_y470.npy
resources/data/grid1/sample_x471.npy,resources/data/grid1/sample_y471.npy
resources/data/grid1/sample_x472.npy,resources/data/grid1/sample_y472.npy
resources/data/grid1/sample_x473.npy,resources/data/grid1/sample_y473.npy
resources/data/grid1/sample_x474.npy,resources/data/grid1/sample_y474.npy
resources/data/grid1/sample_x475.npy,resources/data/grid1/sample_y475.npy
resources/data/grid1/sample_x476.npy,resources/data/grid1/sample_y476.npy
resources/data/grid1/sample_x477.npy,resources/data/grid1/sample_y477.npy
resources/data/grid1/sample_x478.npy,resources/data/grid1/sample_y478.npy
resources/data/grid1/sample_x479.npy,resources/data/grid1/sample_y479.npy
resources/data/grid1/sample_x480.npy,resources/data/grid1/sample_y480.npy
resources/data/grid1/sample_x481.npy,resources/data/grid1/sample_y481.npy
resources/data/grid1/sample_x482.npy,resources/data/grid1/sample_y482.npy
resources/data/grid1/sample_x483.npy,resources/data/grid1/sample_y483.npy
resources/data/grid1/sample_x484.npy,resources/data/grid1/sample_y484.npy
resources/data/grid1/sample_x485.npy,resources/data/grid1/sample_y485.npy
resources/data/grid1/sample_x486.npy,resources/data/grid1/sample_y486.npy
resources/data/grid1/sample_x487.npy,resources/data/grid1/sample_y487.npy
resources/data/grid1/sample_x488.npy,resources/data/grid1/sample_y488.npy
resources/data/grid1/sample_x489.npy,resources/data/grid1/sample_y489.npy
resources/data/grid1/sample_x490.npy,resources/data/grid1/sample_y490.npy
resources/data/grid1/sample_x491.npy,resources/data/grid1/sample_y491.npy
resources/data/grid1/sample_x492.npy,resources/data/grid1/sample_y492.npy
resources/data/grid1/sample_x493.npy,resources/data/grid1/sample_y493.npy
resources/data/grid1/sample_x494.npy,resources/data/grid1/sample_y494.npy
resources/data/grid1/sample_x495.npy,resources/data/grid1/sample_y495.npy
resources/data/grid1/sample_x496.npy,resources/data/grid1/sample_y496.npy
resources/data/grid1/sample_x497.npy,resources/data/grid1/sample_y497.npy
resources/data/grid1/sample_x498.npy,resources/data/grid1/sample_y498.npy
resources/data/grid1/sample_x499.npy,resources/data/grid1/sample_y499.npy
resources/data/grid1/sample_x500.npy,resources/data/grid1/sample_y500.npy
resources/data/grid1/sample_x501.npy,resources/data/grid1/sample_y501.npy
resources/data/grid1/sample_x502.npy,resources/data/grid1/sample_y502.npy
resources/data/grid1/sample_x503.npy,resources/data/grid1/sample_y503.npy
resources/data/grid1/sample_x504.npy,resources/data/grid1/sample_y504.npy
resources/data/grid1/sample_x505.npy,resources/data/grid1/sample_y505.npy
resources/data/grid1/sample_x506.npy,resources/data/grid1/sample_y506.npy
resources/data/grid1/sample_x507.npy,resources/data/grid1/sample_y507.npy
resources/data/grid1/sample_x508.npy,resources/data/grid1/sample_y508.npy
resources/data/grid1/sample_x509.npy,resources/data/grid1/sample_y509.npy
resources/data/grid1/sample_x510.npy,resources/data/grid1/sample_y510.npy
resources/data/grid1/sample_x511.npy,resources/data/grid1/sample_y511.npy
resources/data/grid1/sample_x512.npy,resources/data/grid1/sample_y512.npy
resources/data/grid1/sample_x513.npy,resources/data/grid1/sample_y513.npy
resources/data/grid1/sample_x514.npy,resources/data/grid1/sample_y514.npy
resources/data/grid1/sample_x515.npy,resources/data/grid1/sample_y515.npy
resources/data/grid1/sample_x516.npy,resources/data/grid1/sample_y516.npy
resources/data/grid1/sample_x517.npy,resources/data/grid1/sample_y517.npy
resources/data/grid1/sample_x518.npy,resources/data/grid1/sample_y518.npy
resources/data/grid1/sample_x519.npy,resources/data/grid1/sample_y519.npy
resources/data/grid1/sample_x520.npy,resources/data/grid1/sample_y520.npy
resources/data/grid1/sample_x521.npy,resources/data/grid1/sample_y521.npy
resources/data/grid1/sample_x522.npy,resources/data/grid1/sample_y522.npy
resources/data/grid1/sample_x523.npy,resources/data/grid1/sample_y523.npy
resources/data/grid1/sample_x524.npy,resources/data/grid1/sample_y524.npy
resources/data/grid1/sample_x525.npy,resources/data/grid1/sample_y525.npy
resources/data/grid1/sample_x526.npy,resources/data/grid1/sample_y526.npy
resources/data/grid1/sample_x527.npy,resources/data/grid1/sample_y527.npy
resources/data/grid1/sample_x528.npy,resources/data/grid1/sample_y528.npy
resources/data/grid1/sample_x529.npy,resources/data/grid1/sample_y529.npy
resources/data/grid1/sample_x530.npy,resources/data/grid1/sample_y530.npy
resources/data/grid1/sample_x531.npy,resources/data/grid1/sample_y531.npy
resources/data/grid1/sample_x532.npy,resources/data/grid1/sample_y532.npy
resources/data/grid1/sample_x533.npy,resources/data/grid1/sample_y533.npy
resources/data/grid1/sample_x534.npy,resources/data/grid1/sample_y534.npy
resources/data/grid1/sample_x535.npy,resources/data/grid1/sample_y535.npy
resources/data/grid1/sample_x536.npy,resources/data/grid1/sample_y536.npy
resources/data/grid1/sample_x537.npy,resources/data/grid1/sample_y537.npy
resources/data/grid1/sample_x538.npy,resources/data/grid1/sample_y538.npy
resources/data/grid1/sample_x539.npy,resources/data/grid1/sample_y539.npy
resources/data/grid1/sample_x540.npy,resources/data/grid1/sample_y540.npy
resources/data/grid1/sample_x541.npy,resources/data/grid1/sample_y541.npy
resources/data/grid1/sample_x542.npy,resources/data/grid1/sample_y542.npy
resources/data/grid1/sample_x543.npy,resources/data/grid1/sample_y543.npy
resources/data/grid1/sample_x544.npy,resources/data/grid1/sample_y544.npy
resources/data/grid1/sample_x545.npy,resources/data/grid1/sample_y545.npy
resources/data/grid1/sample_x546.npy,resources/data/grid1/sample_y546.npy
resources/data/grid1/sample_x547.npy,resources/data/grid1/sample_y547.npy
resources/data/grid1/sample_x548.npy,resources/data/grid1/sample_y548.npy
resources/data/grid1/sample_x549.npy,resources/data/grid1/sample_y549.npy
resources/data/grid1/sample_x550.npy,resources/data/grid1/sample_y550.npy
resources/data/grid1/sample_x551.npy,resources/data/grid1/sample_y551.npy
resources/data/grid1/sample_x552.npy,resources/data/grid1/sample_y552.npy
resources/data/grid1/sample_x553.npy,resources/data/grid1/sample_y553.npy
resources/data/grid1/sample_x554.npy,resources/data/grid1/sample_y554.npy
resources/data/grid1/sample_x555.npy,resources/data/grid1/sample_y555.npy
resources/data/grid1/sample_x556.npy,resources/data/grid1/sample_y556.npy
resources/data/grid1/sample_x557.npy,resources/data/grid1/sample_y557.npy
resources/data/grid1/sample_x558.npy,resources/data/grid1/sample_y558.npy
resources/data/grid1/sample_x559.npy,resources/data/grid1/sample_y559.npy
resources/data/grid1/sample_x560.npy,resources/data/grid1/sample_y560.npy
resources/data/grid1/sample_x561.npy,resources/data/grid1/sample_y561.npy
resources/data/grid1/sample_x562.npy,resources/data/grid1/sample_y562.npy
resources/data/grid1/sample_x563.npy,resources/data/grid1/sample_y563.npy
resources/data/grid1/sample_x564.npy,resources/data/grid1/sample_y564.npy
resources/data/grid1/sample_x565.npy,resources/data/grid1/sample_y565.npy
resources/data/grid1/sample_x566.npy,resources/data/grid1/sample_y566.npy
resources/data/grid1/sample_x567.npy,resources/data/grid1/sample_y567.npy
resources/data/grid1/sample_x568.npy,resources/data/grid1/sample_y568.npy
resources/data/grid1/sample_x569.npy,resources/data/grid1/sample_y569.npy
resources/data/grid1/sample_x570.npy,resources/data/grid1/sample_y570.npy
resources/data/grid1/sample_x571.npy,resources/data/grid1/sample_y571.npy
resources/data/grid1/sample_x572.npy,resources/data/grid1/sample_y572.npy
resources/data/grid1/sample_x573.npy,resources/data/grid1/sample_y573.npy
resources/data/grid1/sample_x574.npy,resources/data/grid1/sample_y574.npy
resources/data/grid1/sample_x575.npy,resources/data/grid1/sample_y575.npy
resources/data/grid1/sample_x576.npy,resources/data/grid1/sample_y576.npy
resources/data/grid1/sample_x577.npy,resources/data/grid1/sample_y577.npy
resources/data/grid1/sample_x578.npy,resources/data/grid1/sample_y578.npy
resources/data/grid1/sample_x579.npy,resources/data/grid1/sample_y579.npy
resources/data/grid1/sample_x580.npy,resources/data/grid1/sample_y580.npy
resources/data/grid1/sample_x581.npy,resources/data/grid1/sample_y581.npy
resources/data/grid1/sample_x582.npy,resources/data/grid1/sample_y582.npy
resources/data/grid1/sample_x583.npy,resources/data/grid1/sample_y583.npy
resources/data/grid1/sample_x584.npy,resources/data/grid1/sample_y584.npy
resources/data/grid1/sample_x585.npy,resources/data/grid1/sample_y585.npy
resources/data/grid1/sample_x586.npy,resources/data/grid1/sample_y586.npy
resources/data/grid1/sample_x587.npy,resources/data/grid1/sample_y587.npy
resources/data/grid1/sample_x588.npy,resources/data/grid1/sample_y588.npy
resources/data/grid1/sample_x589.npy,resources/data/grid1/sample_y589.npy
resources/data/grid1/sample_x590.npy,resources/data/grid1/sample_y590.npy
resources/data/grid1/sample_x591.npy,resources/data/grid1/sample_y591.npy
resources/data/grid1/sample_x592.npy,resources/data/grid1/sample_y592.npy
resources/data/grid1/sample_x593.npy,resources/data/grid1/sample_y593.npy
resources/data/grid1/sample_x594.npy,resources/data/grid1/sample_y594.npy
resources/data/grid1/sample_x595.npy,resources/data/grid1/sample_y595.npy
resources/data/grid1/sample_x596.npy,resources/data/grid1/sample_y596.npy
resources/data/grid1/sample_x597.npy,resources/data/grid1/sample_y597.npy
resources/data/grid1/sample_x598.npy,resources/data/grid1/sample_y598.npy
resources/data/grid1/sample_x599.npy,resources/data/grid1/sample_y599.npy
resources/data/grid1/sample_x600.npy,resources/data/grid1/sample_y600.npy
resources/data/grid1/sample_x601.npy,resources/data/grid1/sample_y601.npy
resources/data/grid1/sample_x602.npy,resources/data/grid1/sample_y602.npy
resources/data/grid1/sample_x603.npy,resources/data/grid1/sample_y603.npy
resources/data/grid1/sample_x604.npy,resources/data/grid1/sample_y604.npy
resources/data/grid1/sample_x605.npy,resources/data/grid1/sample_y605.npy
resources/data/grid1/sample_x606.npy,resources/data/grid1/sample_y606.npy
resources/data/grid1/sample_x607.npy,resources/data/grid1/sample_y607.npy
resources/data/grid1/sample_x608.npy,resources/data/grid1/sample_y608.npy
resources/data/grid1/sample_x609.npy,resources/data/grid1/sample_y609.npy
resources/data/grid1/sample_x610.npy,resources/data/grid1/sample_y610.npy
resources/data/grid1/sample_x611.npy,resources/data/grid1/sample_y611.npy
resources/data/grid1/sample_x612.npy,resources/data/grid1/sample_y612.npy
resources/data/grid1/sample_x613.npy,resources/data/grid1/sample_y613.npy
resources/data/grid1/sample_x614.npy,resources/data/grid1/sample_y614.npy
resources/data/grid1/sample_x615.npy,resources/data/grid1/sample_y615.npy
resources/data/grid1/sample_x616.npy,resources/data/grid1/sample_y616.npy
resources/data/grid1/sample_x617.npy,resources/data/grid1/sample_y617.npy
resources/data/grid1/sample_x618.npy,resources/data/grid1/sample_y618.npy
resources/data/grid1/sample_x619.npy,resources/data/grid1/sample_y619.npy
resources/data/grid1/sample_x620.npy,resources/data/grid1/sample_y620.npy
resources/data/grid1/sample_x621.npy,resources/data/grid1/sample_y621.npy
resources/data/grid1/sample_x622.npy,resources/data/grid1/sample_y622.npy
resources/data/grid1/sample_x623.npy,resources/data/grid1/sample_y623.npy
resources/data/grid1/sample_x624.npy,resources/data/grid1/sample_y624.npy
resources/data/grid1/sample_x625.npy,resources/data/grid1/sample_y625.npy
resources/data/grid1/sample_x626.npy,resources/data/grid1/sample_y626.npy
resources/data/grid1/sample_x627.npy,resources/data/grid1/sample_y627.npy
resources/data/grid1/sample_x628.npy,resources/data/grid1/sample_y628.npy
resources/data/grid1/sample_x629.npy,resources/data/grid1/sample_y629.npy
resources/data/grid1/sample_x630.npy,resources/data/grid1/sample_y630.npy
resources/data/grid1/sample_x631.npy,resources/data/grid1/sample_y631.npy
resources/data/grid1/sample_x632.npy,resources/data/grid1/sample_y632.npy
resources/data/grid1/sample_x633.npy,resources/data/grid1/sample_y633.npy
resources/data/grid1/sample_x634.npy,resources/data/grid1/sample_y634.npy
resources/data/grid1/sample_x635.npy,resources/data/grid1/sample_y635.npy
resources/data/grid1/sample_x636.npy,resources/data/grid1/sample_y636.npy
resources/data/grid1/sample_x637.npy,resources/data/grid1/sample_y637.npy
resources/data/grid1/sample_x638.npy,resources/data/grid1/sample_y638.npy
resources/data/grid1/sample_x639.npy,resources/data/grid1/sample_y639.npy
resources/data/grid1/sample_x640.npy,resources/data/grid1/sample_y640.npy
resources/data/grid1/sample_x641.npy,resources/data/grid1/sample_y641.npy
resources/data/grid1/sample_x642.npy,resources/data/grid1/sample_y642.npy
resources/data/grid1/sample_x643.npy,resources/data/grid1/sample_y643.npy
resources/data/grid1/sample_x644.npy,resources/data/grid1/sample_y644.npy
resources/data/grid1/sample_x645.npy,resources/data/grid1/sample_y645.npy
resources/data/grid1/sample_x646.npy,resources/data/grid1/sample_y646.npy
resources/data/grid1/sample_x647.npy,resources/data/grid1/sample_y647.npy
resources/data/grid1/sample_x648.npy,resources/data/grid1/sample_y648.npy
resources/data/grid1/sample_x649.npy,resources/data/grid1/sample_y649.npy
resources/data/grid1/sample_x650.npy,resources/data/grid1/sample_y650.npy
resources/data/grid1/sample_x651.npy,resources/data/grid1/sample_y651.npy
resources/data/grid1/sample_x652.npy,resources/data/grid1/sample_y652.npy
resources/data/grid1/sample_x653.npy,resources/data/grid1/sample_y653.npy
resources/data/grid1/sample_x654.npy,resources/data/grid1/sample_y654.npy
resources/data/grid1/sample_x655.npy,resources/data/grid1/sample_y655.npy
resources/data/grid1/sample_x656.npy,resources/data/grid1/sample_y656.npy
resources/data/grid1/sample_x657.npy,resources/data/grid1/sample_y657.npy
resources/data/grid1/sample_x658.npy,resources/data/grid1/sample_y658.npy
resources/data/grid1/sample_x659.npy,resources/data/grid1/sample_y659.npy
resources/data/grid1/sample_x660.npy,resources/data/grid1/sample_y660.npy
resources/data/grid1/sample_x661.npy,resources/data/grid1/sample_y661.npy
resources/data/grid1/sample_x662.npy,resources/data/grid1/sample_y662.npy
resources/data/grid1/sample_x663.npy,resources/data/grid1/sample_y663.npy
resources/data/grid1/sample_x664.npy,resources/data/grid1/sample_y664.npy
resources/data/grid1/sample_x665.npy,resources/data/grid1/sample_y665.npy
resources/data/grid1/sample_x666.npy,resources/data/grid1/sample_y666.npy
resources/data/grid1/sample_x667.npy,resources/data/grid1/sample_y667.npy
resources/data/grid1/sample_x668.npy,resources/data/grid1/sample_y668.npy
resources/data/grid1/sample_x669.npy,resources/data/grid1/sample_y669.npy
resources/data/grid1/sample_x670.npy,resources/data/grid1/sample_y670.npy
resources/data/grid1/sample_x671.npy,resources/data/grid1/sample_y671.npy
resources/data/grid1/sample_x672.npy,resources/data/grid1/sample_y672.npy
resources/data/grid1/sample_x673.npy,resources/data/grid1/sample_y673.npy
resources/data/grid1/sample_x674.npy,resources/data/grid1/sample_y674.npy
resources/data/grid1/sample_x675.npy,resources/data/grid1/sample_y675.npy
resources/data/grid1/sample_x676.npy,resources/data/grid1/sample_y676.npy
resources/data/grid1/sample_x677.npy,resources/data/grid1/sample_y677.npy
resources/data/grid1/sample_x678.npy,resources/data/grid1/sample_y678.npy
resources/data/grid1/sample_x679.npy,resources/data/grid1/sample_y679.npy
resources/data/grid1/sample_x680.npy,resources/data/grid1/sample_y680.npy
resources/data/grid1/sample_x681.npy,resources/data/grid1/sample_y681.npy
resources/data/grid1/sample_x682.npy,resources/data/grid1/sample_y682.npy
resources/data/grid1/sample_x683.npy,resources/data/grid1/sample_y683.npy
resources/data/grid1/sample_x684.npy,resources/data/grid1/sample_y684.npy
resources/data/grid1/sample_x685.npy,resources/data/grid1/sample_y685.npy
resources/data/grid1/sample_x686.npy,resources/data/grid1/sample_y686.npy
resources/data/grid1/sample_x687.npy,resources/data/grid1/sample_y687.npy
resources/data/grid1/sample_x688.npy,resources/data/grid1/sample_y688.npy
resources/data/grid1/sample_x689.npy,resources/data/grid1/sample_y689.npy
resources/data/grid1/sample_x690.npy,resources/data/grid1/sample_y690.npy
resources/data/grid1/sample_x691.npy,resources/data/grid1/sample_y691.npy
resources/data/grid1/sample_x692.npy,resources/data/grid1/sample_y692.npy
resources/data/grid1/sample_x693.npy,resources/data/grid1/sample_y693.npy
resources/data/grid1/sample_x694.npy,resources/data/grid1/sample_y694.npy
resources/data/grid1/sample_x695.npy,resources/data/grid1/sample_y695.npy
resources/data/grid1/sample_x696.npy,resources/data/grid1/sample_y696.npy
resources/data/grid1/sample_x697.npy,resources/data/grid1/sample_y697.npy
resources/data/grid1/sample_x698.npy,resources/data/grid1/sample_y698.npy
resources/data/grid1/sample_x699.npy,resources/data/grid1/sample_y699.npy
resources/data/grid1/sample_x700.npy,resources/data/grid1/sample_y700.npy
resources/data/grid1/sample_x701.npy,resources/data/grid1/sample_y701.npy
resources/data/grid1/sample_x702.npy,resources/data/grid1/sample_y702.npy
resources/data/grid1/sample_x703.npy,resources/data/grid1/sample_y703.npy
resources/data/grid1/sample_x704.npy,resources/data/grid1/sample_y704.npy
resources/data/grid1/sample_x705.npy,resources/data/grid1/sample_y705.npy
resources/data/grid1/sample_x706.npy,resources/data/grid1/sample_y706.npy
resources/data/grid1/sample_x707.npy,resources/data/grid1/sample_y707.npy
resources/data/grid1/sample_x708.npy,resources/data/grid1/sample_y708.npy
resources/data/grid1/sample_x709.npy,resources/data/grid1/sample_y709.npy
resources/data/grid1/sample_x710.npy,resources/data/grid1/sample_y710.npy
resources/data/grid1/sample_x711.npy,resources/data/grid1/sample_y711.npy
resources/data/grid1/sample_x712.npy,resources/data/grid1/sample_y712.npy
resources/data/grid1/sample_x713.npy,resources/data/grid1/sample_y713.npy
resources/data/grid1/sample_x714.npy,resources/data/grid1/sample_y714.npy
resources/data/grid1/sample_x715.npy,resources/data/grid1/sample_y715.npy
resources/data/grid1/sample_x716.npy,resources/data/grid1/sample_y716.npy
resources/data/grid1/sample_x717.npy,resources/data/grid1/sample_y717.npy
resources/data/grid1/sample_x718.npy,resources/data/grid1/sample_y718.npy
resources/data/grid1/sample_x719.npy,resources/data/grid1/sample_y719.npy
resources/data/grid1/sample_x720.npy,resources/data/grid1/sample_y720.npy
resources/data/grid1/sample_x721.npy,resources/data/grid1/sample_y721.npy
resources/data/grid1/sample_x722.npy,resources/data/grid1/sample_y722.npy
resources/data/grid1/sample_x723.npy,resources/data/grid1/sample_y723.npy
resources/data/grid1/sample_x724.npy,resources/data/grid1/sample_y724.npy
resources/data/grid1/sample_x725.npy,resources/data/grid1/sample_y725.npy
resources/data/grid1/sample_x726.npy,resources/data/grid1/sample_y726.npy
resources/data/grid1/sample_x727.npy,resources/data/grid1/sample_y727.npy
resources/data/grid1/sample_x728.npy,resources/data/grid1/sample_y728.npy
resources/data/grid1/sample_x729.npy,resources/data/grid1/sample_y729.npy
resources/data/grid1/sample_x730.npy,resources/data/grid1/sample_y730.npy
resources/data/grid1/sample_x731.npy,resources/data/grid1/sample_y731.npy
resources/data/grid1/sample_x732.npy,resources/data/grid1/sample_y732.npy
resources/data/grid1/sample_x733.npy,resources/data/grid1/sample_y733.npy
resources/data/grid1/sample_x734.npy,resources/data/grid1/sample_y734.npy
resources/data/grid1/sample_x735.npy,resources/data/grid1/sample_y735.npy
resources/data/grid1/sample_x736.npy,resources/data/grid1/sample_y736.npy
resources/data/grid1/sample_x737.npy,resources/data/grid1/sample_y737.npy
resources/data/grid1/sample_x738.npy,resources/data/grid1/sample_y738.npy
resources/data/grid1/sample_x739.npy,resources/data/grid1/sample_y739.npy
resources/data/grid1/sample_x740.npy,resources/data/grid1/sample_y740.npy
resources/data/grid1/sample_x741.npy,resources/data/grid1/sample_y741.npy
resources/data/grid1/sample_x742.npy,resources/data/grid1/sample_y742.npy
resources/data/grid1/sample_x743.npy,resources/data/grid1/sample_y743.npy
resources/data/grid1/sample_x744.npy,resources/data/grid1/sample_y744.npy
resources/data/grid1/sample_x745.npy,resources/data/grid1/sample_y745.npy
resources/data/grid1/sample_x746.npy,resources/data/grid1/sample_y746.npy
resources/data/grid1/sample_x747.npy,resources/data/grid1/sample_y747.npy
resources/data/grid1/sample_x748.npy,resources/data/grid1/sample_y748.npy
resources/data/grid1/sample_x749.npy,resources/data/grid1/sample_y749.npy
resources/data/grid1/sample_x750.npy,resources/data/grid1/sample_y750.npy
resources/data/grid1/sample_x751.npy,resources/data/grid1/sample_y751.npy
resources/data/grid1/sample_x752.npy,resources/data/grid1/sample_y752.npy
resources/data/grid1/sample_x753.npy,resources/data/grid1/sample_y753.npy
resources/data/grid1/sample_x754.npy,resources/data/grid1/sample_y754.npy
resources/data/grid1/sample_x755.npy,resources/data/grid1/sample_y755.npy
resources/data/grid1/sample_x756.npy,resources/data/grid1/sample_y756.npy
resources/data/grid1/sample_x757.npy,resources/data/grid1/sample_y757.npy
resources/data/grid1/sample_x758.npy,resources/data/grid1/sample_y758.npy
resources/data/grid1/sample_x759.npy,resources/data/grid1/sample_y759.npy
resources/data/grid1/sample_x760.npy,resources/data/grid1/sample_y760.npy
resources/data/grid1/sample_x761.npy,resources/data/grid1/sample_y761.npy
resources/data/grid1/sample_x762.npy,resources/data/grid1/sample_y762.npy
resources/data/grid1/sample_x763.npy,resources/data/grid1/sample_y763.npy
resources/data/grid1/sample_x764.npy,resources/data/grid1/sample_y764.npy
resources/data/grid1/sample_x765.npy,resources/data/grid1/sample_y765.npy
resources/data/grid1/sample_x766.npy,resources/data/grid1/sample_y766.npy
resources/data/grid1/sample_x767.npy,resources/data/grid1/sample_y767.npy
resources/data/grid1/sample_x768.npy,resources/data/grid1/sample_y768.npy
resources/data/grid1/sample_x769.npy,resources/data/grid1/sample_y769.npy
resources/data/grid1/sample_x770.npy,resources/data/grid1/sample_y770.npy
resources/data/grid1/sample_x771.npy,resources/data/grid1/sample_y771.npy
resources/data/grid1/sample_x772.npy,resources/data/grid1/sample_y772.npy
resources/data/grid1/sample_x773.npy,resources/data/grid1/sample_y773.npy
resources/data/grid1/sample_x774.npy,resources/data/grid1/sample_y774.npy
resources/data/grid1/sample_x775.npy,resources/data/grid1/sample_y775.npy
resources/data/grid1/sample_x776.npy,resources/data/grid1/sample_y776.npy
resources/data/grid1/sample_x777.npy,resources/data/grid1/sample_y777.npy
resources/data/grid1/sample_x778.npy,resources/data/grid1/sample_y778.npy
resources/data/grid1/sample_x779.npy,resources/data/grid1/sample_y779.npy
resources/data/grid1/sample_x780.npy,resources/data/grid1/sample_y780.npy
resources/data/grid1/sample_x781.npy,resources/data/grid1/sample_y781.npy
resources/data/grid1/sample_x782.npy,resources/data/grid1/sample_y782.npy
resources/data/grid1/sample_x783.npy,resources/data/grid1/sample_y783.npy
resources/data/grid1/sample_x784.npy,resources/data/grid1/sample_y784.npy
resources/data/grid1/sample_x785.npy,resources/data/grid1/sample_y785.npy
resources/data/grid1/sample_x786.npy,resources/data/grid1/sample_y786.npy
resources/data/grid1/sample_x787.npy,resources/data/grid1/sample_y787.npy
resources/data/grid1/sample_x788.npy,resources/data/grid1/sample_y788.npy
resources/data/grid1/sample_x789.npy,resources/data/grid1/sample_y789.npy
resources/data/grid1/sample_x790.npy,resources/data/grid1/sample_y790.npy
resources/data/grid1/sample_x791.npy,resources/data/grid1/sample_y791.npy
resources/data/grid1/sample_x792.npy,resources/data/grid1/sample_y792.npy
resources/data/grid1/sample_x793.npy,resources/data/grid1/sample_y793.npy
resources/data/grid1/sample_x794.npy,resources/data/grid1/sample_y794.npy
resources/data/grid1/sample_x795.npy,resources/data/grid1/sample_y795.npy
resources/data/grid1/sample_x796.npy,resources/data/grid1/sample_y796.npy
resources/data/grid1/sample_x797.npy,resources/data/grid1/sample_y797.npy
resources/data/grid1/sample_x798.npy,resources/data/grid1/sample_y798.npy
resources/data/grid1/sample_x799.npy,resources/data/grid1/sample_y799.npy
resources/data/grid1/sample_x800.npy,resources/data/grid1/sample_y800.npy
resources/data/grid1/sample_x801.npy,resources/data/grid1/sample_y801.npy
resources/data/grid1/sample_x802.npy,resources/data/grid1/sample_y802.npy
resources/data/grid1/sample_x803.npy,resources/data/grid1/sample_y803.npy
resources/data/grid1/sample_x804.npy,resources/data/grid1/sample_y804.npy
resources/data/grid1/sample_x805.npy,resources/data/grid1/sample_y805.npy
resources/data/grid1/sample_x806.npy,resources/data/grid1/sample_y806.npy
resources/data/grid1/sample_x807.npy,resources/data/grid1/sample_y807.npy
resources/data/grid1/sample_x808.npy,resources/data/grid1/sample_y808.npy
resources/data/grid1/sample_x809.npy,resources/data/grid1/sample_y809.npy
resources/data/grid1/sample_x810.npy,resources/data/grid1/sample_y810.npy
resources/data/grid1/sample_x811.npy,resources/data/grid1/sample_y811.npy
resources/data/grid1/sample_x812.npy,resources/data/grid1/sample_y812.npy
resources/data/grid1/sample_x813.npy,resources/data/grid1/sample_y813.npy
resources/data/grid1/sample_x814.npy,resources/data/grid1/sample_y814.npy
resources/data/grid1/sample_x815.npy,resources/data/grid1/sample_y815.npy
resources/data/grid1/sample_x816.npy,resources/data/grid1/sample_y816.npy
resources/data/grid1/sample_x817.npy,resources/data/grid1/sample_y817.npy
resources/data/grid1/sample_x818.npy,resources/data/grid1/sample_y818.npy
resources/data/grid1/sample_x819.npy,resources/data/grid1/sample_y819.npy
resources/data/grid1/sample_x820.npy,resources/data/grid1/sample_y820.npy
resources/data/grid1/sample_x821.npy,resources/data/grid1/sample_y821.npy
resources/data/grid1/sample_x822.npy,resources/data/grid1/sample_y822.npy
resources/data/grid1/sample_x823.npy,resources/data/grid1/sample_y823.npy
resources/data/grid1/sample_x824.npy,resources/data/grid1/sample_y824.npy
resources/data/grid1/sample_x825.npy,resources/data/grid1/sample_y825.npy
resources/data/grid1/sample_x826.npy,resources/data/grid1/sample_y826.npy
resources/data/grid1/sample_x827.npy,resources/data/grid1/sample_y827.npy
resources/data/grid1/sample_x828.npy,resources/data/grid1/sample_y828.npy
resources/data/grid1/sample_x829.npy,resources/data/grid1/sample_y829.npy
resources/data/grid1/sample_x830.npy,resources/data/grid1/sample_y830.npy
resources/data/grid1/sample_x831.npy,resources/data/grid1/sample_y831.npy
resources/data/grid1/sample_x832.npy,resources/data/grid1/sample_y832.npy
resources/data/grid1/sample_x833.npy,resources/data/grid1/sample_y833.npy
resources/data/grid1/sample_x834.npy,resources/data/grid1/sample_y834.npy
resources/data/grid1/sample_x835.npy,resources/data/grid1/sample_y835.npy
resources/data/grid1/sample_x836.npy,resources/data/grid1/sample_y836.npy
resources/data/grid1/sample_x837.npy,resources/data/grid1/sample_y837.npy
resources/data/grid1/sample_x838.npy,resources/data/grid1/sample_y838.npy
resources/data/grid1/sample_x839.npy,resources/data/grid1/sample_y839.npy
resources/data/grid1/sample_x840.npy,resources/data/grid1/sample_y840.npy
resources/data/grid1/sample_x841.npy,resources/data/grid1/sample_y841.npy
resources/data/grid1/sample_x842.npy,resources/data/grid1/sample_y842.npy
resources/data/grid1/sample_x843.npy,resources/data/grid1/sample_y843.npy
resources/data/grid1/sample_x844.npy,resources/data/grid1/sample_y844.npy
resources/data/grid1/sample_x845.npy,resources/data/grid1/sample_y845.npy
resources/data/grid1/sample_x846.npy,resources/data/grid1/sample_y846.npy
resources/data/grid1/sample_x847.npy,resources/data/grid1/sample_y847.npy
resources/data/grid1/sample_x848.npy,resources/data/grid1/sample_y848.npy
resources/data/grid1/sample_x849.npy,resources/data/grid1/sample_y849.npy
resources/data/grid1/sample_x850.npy,resources/data/grid1/sample_y850.npy
resources/data/grid1/sample_x851.npy,resources/data/grid1/sample_y851.npy
resources/data/grid1/sample_x852.npy,resources/data/grid1/sample_y852.npy
resources/data/grid1/sample_x853.npy,resources/data/grid1/sample_y853.npy
resources/data/grid1/sample_x854.npy,resources/data/grid1/sample_y854.npy
resources/data/grid1/sample_x855.npy,resources/data/grid1/sample_y855.npy
resources/data/grid1/sample_x856.npy,resources/data/grid1/sample_y856.npy
resources/data/grid1/sample_x857.npy,resources/data/grid1/sample_y857.npy
resources/data/grid1/sample_x858.npy,resources/data/grid1/sample_y858.npy
resources/data/grid1/sample_x859.npy,resources/data/grid1/sample_y859.npy
resources/data/grid1/sample_x860.npy,resources/data/grid1/sample_y860.npy
resources/data/grid1/sample_x861.npy,resources/data/grid1/sample_y861.npy
resources/data/grid1/sample_x862.npy,resources/data/grid1/sample_y862.npy
resources/data/grid1/sample_x863.npy,resources/data/grid1/sample_y863.npy
resources/data/grid1/sample_x864.npy,resources/data/grid1/sample_y864.npy
resources/data/grid1/sample_x865.npy,resources/data/grid1/sample_y865.npy
resources/data/grid1/sample_x866.npy,resources/data/grid1/sample_y866.npy
resources/data/grid1/sample_x867.npy,resources/data/grid1/sample_y867.npy
resources/data/grid1/sample_x868.npy,resources/data/grid1/sample_y868.npy
resources/data/grid1/sample_x869.npy,resources/data/grid1/sample_y869.npy
resources/data/grid1/sample_x870.npy,resources/data/grid1/sample_y870.npy
resources/data/grid1/sample_x871.npy,resources/data/grid1/sample_y871.npy
resources/data/grid1/sample_x872.npy,resources/data/grid1/sample_y872.npy
resources/data/grid1/sample_x873.npy,resources/data/grid1/sample_y873.npy
resources/data/grid1/sample_x874.npy,resources/data/grid1/sample_y874.npy
resources/data/grid1/sample_x875.npy,resources/data/grid1/sample_y875.npy
resources/data/grid1/sample_x876.npy,resources/data/grid1/sample_y876.npy
resources/data/grid1/sample_x877.npy,resources/data/grid1/sample_y877.npy
resources/data/grid1/sample_x878.npy,resources/data/grid1/sample_y878.npy
resources/data/grid1/sample_x879.npy,resources/data/grid1/sample_y879.npy
resources/data/grid1/sample_x880.npy,resources/data/grid1/sample_y880.npy
resources/data/grid1/sample_x881.npy,resources/data/grid1/sample_y881.npy
resources/data/grid1/sample_x882.npy,resources/data/grid1/sample_y882.npy
resources/data/grid1/sample_x883.npy,resources/data/grid1/sample_y883.npy
resources/data/grid1/sample_x884.npy,resources/data/grid1/sample_y884.npy
resources/data/grid1/sample_x885.npy,resources/data/grid1/sample_y885.npy
resources/data/grid1/sample_x886.npy,resources/data/grid1/sample_y886.npy
resources/data/grid1/sample_x887.npy,resources/data/grid1/sample_y887.npy
resources/data/grid1/sample_x888.npy,resources/data/grid1/sample_y888.npy
resources/data/grid1/sample_x889.npy,resources/data/grid1/sample_y889.npy
resources/data/grid1/sample_x890.npy,resources/data/grid1/sample_y890.npy
resources/data/grid1/sample_x891.npy,resources/data/grid1/sample_y891.npy
resources/data/grid1/sample_x892.npy,resources/data/grid1/sample_y892.npy
resources/data/grid1/sample_x893.npy,resources/data/grid1/sample_y893.npy
resources/data/grid1/sample_x894.npy,resources/data/grid1/sample_y894.npy
resources/data/grid1/sample_x895.npy,resources/data/grid1/sample_y895.npy
resources/data/grid1/sample_x896.npy,resources/data/grid1/sample_y896.npy
resources/data/grid1/sample_x897.npy,resources/data/grid1/sample_y897.npy
resources/data/grid1/sample_x898.npy,resources/data/grid1/sample_y898.npy
resources/data/grid1/sample_x899.npy,resources/data/grid1/sample_y899.npy
resources/data/grid1/sample_x900.npy,resources/data/grid1/sample_y900.npy
resources/data/grid1/sample_x901.npy,resources/data/grid1/sample_y901.npy
resources/data/grid1/sample_x902.npy,resources/data/grid1/sample_y902.npy
resources/data/grid1/sample_x903.npy,resources/data/grid1/sample_y903.npy
resources/data/grid1/sample_x904.npy,resources/data/grid1/sample_y904.npy
resources/data/grid1/sample_x905.npy,resources/data/grid1/sample_y905.npy
resources/data/grid1/sample_x906.npy,resources/data/grid1/sample_y906.npy
resources/data/grid1/sample_x907.npy,resources/data/grid1/sample_y907.npy
resources/data/grid1/sample_x908.npy,resources/data/grid1/sample_y908.npy
resources/data/grid1/sample_x909.npy,resources/data/grid1/sample_y909.npy
resources/data/grid1/sample_x910.npy,resources/data/grid1/sample_y910.npy
resources/data/grid1/sample_x911.npy,resources/data/grid1/sample_y911.npy
resources/data/grid1/sample_x912.npy,resources/data/grid1/sample_y912.npy
resources/data/grid1/sample_x913.npy,resources/data/grid1/sample_y913.npy
resources/data/grid1/sample_x914.npy,resources/data/grid1/sample_y914.npy
resources/data/grid1/sample_x915.npy,resources/data/grid1/sample_y915.npy
resources/data/grid1/sample_x916.npy,resources/data/grid1/sample_y916.npy
resources/data/grid1/sample_x917.npy,resources/data/grid1/sample_y917.npy
resources/data/grid1/sample_x918.npy,resources/data/grid1/sample_y918.npy
resources/data/grid1/sample_x919.npy,resources/data/grid1/sample_y919.npy
resources/data/grid1/sample_x920.npy,resources/data/grid1/sample_y920.npy
resources/data/grid1/sample_x921.npy,resources/data/grid1/sample_y921.npy
resources/data/grid1/sample_x922.npy,resources/data/grid1/sample_y922.npy
resources/data/grid1/sample_x923.npy,resources/data/grid1/sample_y923.npy
resources/data/grid1/sample_x924.npy,resources/data/grid1/sample_y924.npy
resources/data/grid1/sample_x925.npy,resources/data/grid1/sample_y925.npy
resources/data/grid1/sample_x926.npy,resources/data/grid1/sample_y926.npy
resources/data/grid1/sample_x927.npy,resources/data/grid1/sample_y927.npy
resources/data/grid1/sample_x928.npy,resources/data/grid1/sample_y928.npy
resources/data/grid1/sample_x929.npy,resources/data/grid1/sample_y929.npy
resources/data/grid1/sample_x930.npy,resources/data/grid1/sample_y930.npy
resources/data/grid1/sample_x931.npy,resources/data/grid1/sample_y931.npy
resources/data/grid1/sample_x932.npy,resources/data/grid1/sample_y932.npy
resources/data/grid1/sample_x933.npy,resources/data/grid1/sample_y933.npy
resources/data/grid1/sample_x934.npy,resources/data/grid1/sample_y934.npy
resources/data/grid1/sample_x935.npy,resources/data/grid1/sample_y935.npy
resources/data/grid1/sample_x936.npy,resources/data/grid1/sample_y936.npy
resources/data/grid1/sample_x937.npy,resources/data/grid1/sample_y937.npy
resources/data/grid1/sample_x938.npy,resources/data/grid1/sample_y938.npy
resources/data/grid1/sample_x939.npy,resources/data/grid1/sample_y939.npy
resources/data/grid1/sample_x940.npy,resources/data/grid1/sample_y940.npy
resources/data/grid1/sample_x941.npy,resources/data/grid1/sample_y941.npy
resources/data/grid1/sample_x942.npy,resources/data/grid1/sample_y942.npy
resources/data/grid1/sample_x943.npy,resources/data/grid1/sample_y943.npy
resources/data/grid1/sample_x944.npy,resources/data/grid1/sample_y944.npy
resources/data/grid1/sample_x945.npy,resources/data/grid1/sample_y945.npy
resources/data/grid1/sample_x946.npy,resources/data/grid1/sample_y946.npy
resources/data/grid1/sample_x947.npy,resources/data/grid1/sample_y947.npy
resources/data/grid1/sample_x948.npy,resources/data/grid1/sample_y948.npy
resources/data/grid1/sample_x949.npy,resources/data/grid1/sample_y949.npy
resources/data/grid1/sample_x950.npy,resources/data/grid1/sample_y950.npy
resources/data/grid1/sample_x951.npy,resources/data/grid1/sample_y951.npy
resources/data/grid1/sample_x952.npy,resources/data/grid1/sample_y952.npy
resources/data/grid1/sample_x953.npy,resources/data/grid1/sample_y953.npy
resources/data/grid1/sample_x954.npy,resources/data/grid1/sample_y954.npy
resources/data/grid1/sample_x955.npy,resources/data/grid1/sample_y955.npy
resources/data/grid1/sample_x956.npy,resources/data/grid1/sample_y956.npy
resources/data/grid1/sample_x957.npy,resources/data/grid1/sample_y957.npy
resources/data/grid1/sample_x958.npy,resources/data/grid1/sample_y958.npy
resources/data/grid1/sample_x959.npy,resources/data/grid1/sample_y959.npy
resources/data/grid1/sample_x960.npy,resources/data/grid1/sample_y960.npy
resources/data/grid1/sample_x961.npy,resources/data/grid1/sample_y961.npy
resources/data/grid1/sample_x962.npy,resources/data/grid1/sample_y962.npy
resources/data/grid1/sample_x963.npy,resources/data/grid1/sample_y963.npy
resources/data/grid1/sample_x964.npy,resources/data/grid1/sample_y964.npy
resources/data/grid1/sample_x965.npy,resources/data/grid1/sample_y965.npy
resources/data/grid1/sample_x966.npy,resources/data/grid1/sample_y966.npy
resources/data/grid1/sample_x967.npy,resources/data/grid1/sample_y967.npy
resources/data/grid1/sample_x968.npy,resources/data/grid1/sample_y968.npy
resources/data/grid1/sample_x969.npy,resources/data/grid1/sample_y969.npy
resources/data/grid1/sample_x970.npy,resources/data/grid1/sample_y970.npy
resources/data/grid1/sample_x971.npy,resources/data/grid1/sample_y971.npy
resources/data/grid1/sample_x972.npy,resources/data/grid1/sample_y972.npy
resources/data/grid1/sample_x973.npy,resources/data/grid1/sample_y973.npy
resources/data/grid1/sample_x974.npy,resources/data/grid1/sample_y974.npy
resources/data/grid1/sample_x975.npy,resources/data/grid1/sample_y975.npy
resources/data/grid1/sample_x976.npy,resources/data/grid1/sample_y976.npy
resources/data/grid1/sample_x977.npy,resources/data/grid1/sample_y977.npy
resources/data/grid1/sample_x978.npy,resources/data/grid1/sample_y978.npy
resources/data/grid1/sample_x979.npy,resources/data/grid1/sample_y979.npy
resources/data/grid1/sample_x980.npy,resources/data/grid1/sample_y980.npy
resources/data/grid1/sample_x981.npy,resources/data/grid1/sample_y981.npy
resources/data/grid1/sample_x982.npy,resources/data/grid1/sample_y982.npy
resources/data/grid1/sample_x983.npy,resources/data/grid1/sample_y983.npy
resources/data/grid1/sample_x984.npy,resources/data/grid1/sample_y984.npy
resources/data/grid1/sample_x985.npy,resources/data/grid1/sample_y985.npy
resources/data/grid1/sample_x986.npy,resources/data/grid1/sample_y986.npy
resources/data/grid1/sample_x987.npy,resources/data/grid1/sample_y987.npy
resources/data/grid1/sample_x988.npy,resources/data/grid1/sample_y988.npy
resources/data/grid1/sample_x989.npy,resources/data/grid1/sample_y989.npy
resources/data/grid1/sample_x990.npy,resources/data/grid1/sample_y990.npy
resources/data/grid1/sample_x991.npy,resources/data/grid1/sample_y991.npy
resources/data/grid1/sample_x992.npy,resources/data/grid1/sample_y992.npy
resources/data/grid1/sample_x993.npy,resources/data/grid1/sample_y993.npy
resources/data/grid1/sample_x994.npy,resources/data/grid1/sample_y994.npy
resources/data/grid1/sample_x995.npy,resources/data/grid1/sample_y995.npy
resources/data/grid1/sample_x996.npy,resources/data/grid1/sample_y996.npy
resources/data/grid1/sample_x997.npy,resources/data/grid1/sample_y997.npy
resources/data/grid1/sample_x998.npy,resources/data/grid1/sample_y998.npy
resources/data/grid1/sample_x999.npy,resources/data/grid1/sample_y999.npy
